user_id,item_id,score
0,0,1
0,1,1
0,2,1
0,3,1
0,4,1
0,5,1
0,6,1
0,7,0
0,8,1
0,9,1
0,10,0
0,11,0
0,12,1
0,13,1
0,14,1
0,15,1
0,16,1
0,17,0
0,18,0
0,19,1
0,20,1
0,21,0
0,22,1
0,23,1
0,24,1
0,25,0
0,26,1
0,27,1
0,28,1
0,29,0
1,0,1
1,1,0
1,2,1
1,3,1
1,4,0
1,5,0
1,6,0
1,7,0
1,8,0
1,9,0
1,10,1
1,11,0
1,12,1
1,13,0
1,14,0
1,15,1
1,16,1
1,17,0
1,18,1
1,19,1
1,20,0
1,21,0
1,22,0
1,23,1
1,24,1
1,25,1
1,26,1
1,27,1
1,28,1
1,29,0
2,0,0
2,1,0
2,2,0
2,3,1
2,4,0
2,5,0
2,6,1
2,7,0
2,8,0
2,9,0
2,10,0
2,11,1
2,12,0
2,13,0
2,14,0
2,15,1
2,16,0
2,17,0
2,18,0
2,19,0
2,20,0
2,21,0
2,22,0
2,23,0
2,24,1
2,25,0
2,26,1
2,27,1
2,28,0
2,29,0
3,0,1
3,1,1
3,2,0
3,3,1
3,4,1
3,5,1
3,6,0
3,7,1
3,8,1
3,9,1
3,10,1
3,11,1
3,12,1
3,13,0
3,14,0
3,15,1
3,16,0
3,17,0
3,18,0
3,19,1
3,20,1
3,21,0
3,22,1
3,23,0
3,24,0
3,25,0
3,26,1
3,27,1
3,28,1
3,29,0
4,0,1
4,1,1
4,2,0
4,3,0
4,4,1
4,5,0
4,6,1
4,7,0
4,8,0
4,9,1
4,10,0
4,11,0
4,12,1
4,13,1
4,14,1
4,15,1
4,16,1
4,17,0
4,18,1
4,19,1
4,20,1
4,21,0
4,22,1
4,23,1
4,24,0
4,25,0
4,26,1
4,27,0
4,28,1
4,29,0
5,0,1
5,1,1
5,2,1
5,3,0
5,4,0
5,5,0
5,6,1
5,7,0
5,8,1
5,9,0
5,10,1
5,11,1
5,12,1
5,13,0
5,14,0
5,15,0
5,16,1
5,17,0
5,18,0
5,19,1
5,20,0
5,21,0
5,22,1
5,23,1
5,24,1
5,25,0
5,26,1
5,27,1
5,28,0
5,29,0
6,0,1
6,1,1
6,2,1
6,3,1
6,4,0
6,5,0
6,6,1
6,7,0
6,8,0
6,9,1
6,10,1
6,11,1
6,12,0
6,13,1
6,14,0
6,15,0
6,16,0
6,17,0
6,18,0
6,19,0
6,20,0
6,21,0
6,22,0
6,23,1
6,24,0
6,25,1
6,26,0
6,27,1
6,28,0
6,29,1
7,0,0
7,1,1
7,2,1
7,3,0
7,4,0
7,5,1
7,6,1
7,7,0
7,8,0
7,9,1
7,10,1
7,11,1
7,12,1
7,13,1
7,14,1
7,15,1
7,16,0
7,17,1
7,18,0
7,19,1
7,20,0
7,21,1
7,22,0
7,23,0
7,24,0
7,25,0
7,26,0
7,27,1
7,28,0
7,29,1
8,0,1
8,1,0
8,2,1
8,3,0
8,4,0
8,5,1
8,6,0
8,7,0
8,8,0
8,9,1
8,10,0
8,11,1
8,12,0
8,13,0
8,14,1
8,15,0
8,16,0
8,17,1
8,18,1
8,19,0
8,20,0
8,21,1
8,22,1
8,23,1
8,24,1
8,25,0
8,26,1
8,27,1
8,28,1
8,29,0
9,0,1
9,1,1
9,2,0
9,3,0
9,4,0
9,5,0
9,6,0
9,7,0
9,8,0
9,9,0
9,10,1
9,11,0
9,12,1
9,13,1
9,14,0
9,15,0
9,16,1
9,17,0
9,18,1
9,19,1
9,20,1
9,21,1
9,22,1
9,23,1
9,24,1
9,25,0
9,26,1
9,27,0
9,28,0
9,29,1
10,0,1
10,1,0
10,2,0
10,3,0
10,4,0
10,5,0
10,6,1
10,7,1
10,8,1
10,9,0
10,10,1
10,11,0
10,12,1
10,13,0
10,14,1
10,15,0
10,16,1
10,17,1
10,18,1
10,19,0
10,20,0
10,21,1
10,22,1
10,23,1
10,24,0
10,25,1
10,26,1
10,27,1
10,28,0
10,29,1
11,0,0
11,1,0
11,2,1
11,3,1
11,4,0
11,5,1
11,6,1
11,7,0
11,8,1
11,9,1
11,10,1
11,11,0
11,12,0
11,13,0
11,14,0
11,15,0
11,16,0
11,17,0
11,18,0
11,19,1
11,20,0
11,21,0
11,22,1
11,23,1
11,24,1
11,25,1
11,26,1
11,27,1
11,28,0
11,29,1
12,0,0
12,1,1
12,2,1
12,3,1
12,4,1
12,5,0
12,6,1
12,7,0
12,8,0
12,9,1
12,10,0
12,11,1
12,12,0
12,13,1
12,14,1
12,15,1
12,16,0
12,17,0
12,18,0
12,19,1
12,20,0
12,21,0
12,22,0
12,23,1
12,24,0
12,25,0
12,26,1
12,27,1
12,28,1
12,29,1
13,0,0
13,1,1
13,2,0
13,3,0
13,4,1
13,5,0
13,6,1
13,7,0
13,8,0
13,9,1
13,10,1
13,11,0
13,12,1
13,13,0
13,14,0
13,15,1
13,16,0
13,17,0
13,18,1
13,19,0
13,20,0
13,21,0
13,22,0
13,23,1
13,24,0
13,25,1
13,26,0
13,27,0
13,28,0
13,29,1
14,0,1
14,1,1
14,2,1
14,3,0
14,4,1
14,5,0
14,6,1
14,7,1
14,8,0
14,9,1
14,10,1
14,11,1
14,12,0
14,13,0
14,14,0
14,15,1
14,16,1
14,17,0
14,18,0
14,19,0
14,20,0
14,21,0
14,22,1
14,23,0
14,24,0
14,25,0
14,26,1
14,27,1
14,28,1
14,29,1
15,0,1
15,1,1
15,2,1
15,3,1
15,4,1
15,5,0
15,6,1
15,7,0
15,8,1
15,9,0
15,10,1
15,11,0
15,12,0
15,13,1
15,14,1
15,15,1
15,16,1
15,17,1
15,18,0
15,19,0
15,20,0
15,21,1
15,22,1
15,23,1
15,24,1
15,25,0
15,26,1
15,27,1
15,28,1
15,29,1
16,0,1
16,1,1
16,2,0
16,3,0
16,4,0
16,5,0
16,6,0
16,7,0
16,8,1
16,9,1
16,10,1
16,11,0
16,12,1
16,13,0
16,14,1
16,15,1
16,16,0
16,17,0
16,18,1
16,19,1
16,20,0
16,21,0
16,22,1
16,23,1
16,24,1
16,25,0
16,26,1
16,27,1
16,28,1
16,29,0
17,0,1
17,1,1
17,2,1
17,3,0
17,4,1
17,5,1
17,6,1
17,7,0
17,8,1
17,9,1
17,10,0
17,11,1
17,12,1
17,13,1
17,14,1
17,15,0
17,16,1
17,17,0
17,18,0
17,19,1
17,20,1
17,21,1
17,22,1
17,23,1
17,24,1
17,25,0
17,26,1
17,27,1
17,28,1
17,29,0
18,0,1
18,1,1
18,2,0
18,3,0
18,4,0
18,5,1
18,6,0
18,7,1
18,8,1
18,9,1
18,10,0
18,11,0
18,12,1
18,13,1
18,14,0
18,15,1
18,16,0
18,17,0
18,18,1
18,19,0
18,20,0
18,21,1
18,22,0
18,23,1
18,24,0
18,25,0
18,26,0
18,27,1
18,28,1
18,29,1
19,0,0
19,1,1
19,2,1
19,3,0
19,4,0
19,5,1
19,6,1
19,7,0
19,8,1
19,9,1
19,10,1
19,11,0
19,12,0
19,13,1
19,14,0
19,15,1
19,16,0
19,17,0
19,18,1
19,19,0
19,20,0
19,21,0
19,22,0
19,23,1
19,24,0
19,25,0
19,26,1
19,27,1
19,28,0
19,29,1
20,0,1
20,1,1
20,2,1
20,3,1
20,4,1
20,5,1
20,6,1
20,7,1
20,8,1
20,9,1
20,10,1
20,11,0
20,12,1
20,13,0
20,14,1
20,15,1
20,16,0
20,17,0
20,18,0
20,19,0
20,20,1
20,21,0
20,22,0
20,23,1
20,24,1
20,25,0
20,26,1
20,27,0
20,28,0
20,29,1
21,0,0
21,1,1
21,2,1
21,3,0
21,4,0
21,5,0
21,6,1
21,7,0
21,8,1
21,9,1
21,10,0
21,11,0
21,12,0
21,13,1
21,14,0
21,15,0
21,16,0
21,17,1
21,18,0
21,19,0
21,20,0
21,21,0
21,22,1
21,23,0
21,24,0
21,25,0
21,26,1
21,27,1
21,28,0
21,29,1
22,0,0
22,1,1
22,2,0
22,3,0
22,4,0
22,5,0
22,6,0
22,7,0
22,8,0
22,9,1
22,10,0
22,11,1
22,12,0
22,13,0
22,14,1
22,15,0
22,16,0
22,17,0
22,18,0
22,19,0
22,20,0
22,21,0
22,22,0
22,23,1
22,24,0
22,25,0
22,26,1
22,27,1
22,28,0
22,29,0
23,0,1
23,1,1
23,2,1
23,3,0
23,4,1
23,5,1
23,6,1
23,7,1
23,8,1
23,9,1
23,10,1
23,11,1
23,12,0
23,13,1
23,14,0
23,15,1
23,16,0
23,17,0
23,18,0
23,19,1
23,20,0
23,21,0
23,22,0
23,23,1
23,24,1
23,25,1
23,26,1
23,27,1
23,28,0
23,29,1
24,0,1
24,1,0
24,2,1
24,3,1
24,4,1
24,5,1
24,6,1
24,7,1
24,8,0
24,9,1
24,10,1
24,11,0
24,12,0
24,13,1
24,14,1
24,15,0
24,16,1
24,17,0
24,18,1
24,19,1
24,20,1
24,21,1
24,22,1
24,23,1
24,24,0
24,25,1
24,26,1
24,27,0
24,28,0
24,29,1
25,0,1
25,1,0
25,2,1
25,3,1
25,4,0
25,5,0
25,6,1
25,7,0
25,8,0
25,9,1
25,10,1
25,11,1
25,12,0
25,13,1
25,14,0
25,15,1
25,16,0
25,17,0
25,18,1
25,19,1
25,20,0
25,21,0
25,22,0
25,23,1
25,24,0
25,25,0
25,26,0
25,27,1
25,28,0
25,29,0
26,0,1
26,1,1
26,2,1
26,3,0
26,4,1
26,5,0
26,6,1
26,7,0
26,8,0
26,9,1
26,10,0
26,11,1
26,12,1
26,13,1
26,14,1
26,15,1
26,16,1
26,17,0
26,18,0
26,19,1
26,20,1
26,21,0
26,22,1
26,23,1
26,24,0
26,25,1
26,26,0
26,27,1
26,28,1
26,29,0
27,0,0
27,1,1
27,2,1
27,3,0
27,4,0
27,5,1
27,6,1
27,7,0
27,8,0
27,9,1
27,10,1
27,11,1
27,12,0
27,13,0
27,14,0
27,15,0
27,16,0
27,17,0
27,18,0
27,19,0
27,20,0
27,21,0
27,22,1
27,23,0
27,24,1
27,25,1
27,26,1
27,27,1
27,28,0
27,29,1
28,0,0
28,1,1
28,2,1
28,3,1
28,4,1
28,5,0
28,6,0
28,7,1
28,8,0
28,9,1
28,10,1
28,11,1
28,12,0
28,13,1
28,14,1
28,15,0
28,16,1
28,17,1
28,18,1
28,19,0
28,20,1
28,21,0
28,22,0
28,23,1
28,24,0
28,25,1
28,26,1
28,27,0
28,28,0
28,29,1
29,0,1
29,1,1
29,2,1
29,3,0
29,4,1
29,5,0
29,6,1
29,7,1
29,8,1
29,9,1
29,10,1
29,11,1
29,12,1
29,13,0
29,14,0
29,15,1
29,16,0
29,17,0
29,18,1
29,19,1
29,20,1
29,21,0
29,22,0
29,23,1
29,24,1
29,25,1
29,26,1
29,27,1
29,28,1
29,29,1
30,0,0
30,1,1
30,2,1
30,3,0
30,4,1
30,5,0
30,6,0
30,7,0
30,8,0
30,9,1
30,10,0
30,11,0
30,12,1
30,13,1
30,14,1
30,15,1
30,16,0
30,17,0
30,18,1
30,19,0
30,20,0
30,21,1
30,22,0
30,23,1
30,24,1
30,25,0
30,26,1
30,27,0
30,28,1
30,29,1
31,0,1
31,1,1
31,2,1
31,3,1
31,4,1
31,5,0
31,6,1
31,7,0
31,8,0
31,9,0
31,10,0
31,11,1
31,12,0
31,13,1
31,14,1
31,15,1
31,16,1
31,17,0
31,18,0
31,19,1
31,20,0
31,21,1
31,22,0
31,23,1
31,24,0
31,25,0
31,26,1
31,27,1
31,28,0
31,29,1
32,0,0
32,1,0
32,2,1
32,3,0
32,4,0
32,5,1
32,6,1
32,7,1
32,8,1
32,9,1
32,10,0
32,11,0
32,12,1
32,13,1
32,14,0
32,15,1
32,16,0
32,17,0
32,18,0
32,19,0
32,20,1
32,21,0
32,22,1
32,23,1
32,24,0
32,25,0
32,26,1
32,27,1
32,28,1
32,29,1
33,0,0
33,1,1
33,2,1
33,3,0
33,4,1
33,5,0
33,6,1
33,7,0
33,8,0
33,9,1
33,10,1
33,11,1
33,12,0
33,13,0
33,14,0
33,15,1
33,16,0
33,17,0
33,18,0
33,19,0
33,20,0
33,21,0
33,22,0
33,23,0
33,24,0
33,25,0
33,26,1
33,27,1
33,28,0
33,29,1
34,0,0
34,1,1
34,2,0
34,3,1
34,4,0
34,5,0
34,6,1
34,7,0
34,8,1
34,9,0
34,10,1
34,11,1
34,12,1
34,13,1
34,14,0
34,15,1
34,16,1
34,17,0
34,18,1
34,19,0
34,20,0
34,21,1
34,22,0
34,23,1
34,24,0
34,25,0
34,26,1
34,27,1
34,28,1
34,29,0
35,0,0
35,1,0
35,2,1
35,3,1
35,4,0
35,5,0
35,6,1
35,7,0
35,8,1
35,9,0
35,10,1
35,11,1
35,12,1
35,13,1
35,14,0
35,15,0
35,16,0
35,17,0
35,18,0
35,19,1
35,20,0
35,21,0
35,22,0
35,23,1
35,24,1
35,25,0
35,26,0
35,27,1
35,28,1
35,29,1
36,0,1
36,1,0
36,2,1
36,3,0
36,4,0
36,5,0
36,6,1
36,7,0
36,8,1
36,9,1
36,10,0
36,11,0
36,12,0
36,13,0
36,14,1
36,15,1
36,16,0
36,17,0
36,18,0
36,19,0
36,20,1
36,21,0
36,22,1
36,23,1
36,24,1
36,25,0
36,26,1
36,27,1
36,28,0
36,29,1
37,0,0
37,1,1
37,2,1
37,3,1
37,4,1
37,5,0
37,6,1
37,7,1
37,8,0
37,9,1
37,10,0
37,11,1
37,12,0
37,13,1
37,14,1
37,15,0
37,16,1
37,17,0
37,18,1
37,19,0
37,20,0
37,21,0
37,22,0
37,23,1
37,24,0
37,25,0
37,26,0
37,27,0
37,28,0
37,29,0
38,0,1
38,1,0
38,2,0
38,3,1
38,4,0
38,5,0
38,6,1
38,7,0
38,8,1
38,9,0
38,10,1
38,11,0
38,12,0
38,13,1
38,14,0
38,15,1
38,16,1
38,17,0
38,18,1
38,19,0
38,20,1
38,21,0
38,22,0
38,23,1
38,24,0
38,25,0
38,26,0
38,27,1
38,28,1
38,29,1
39,0,1
39,1,1
39,2,0
39,3,0
39,4,0
39,5,1
39,6,0
39,7,0
39,8,1
39,9,1
39,10,1
39,11,0
39,12,1
39,13,1
39,14,1
39,15,1
39,16,0
39,17,0
39,18,0
39,19,1
39,20,0
39,21,0
39,22,1
39,23,1
39,24,0
39,25,0
39,26,1
39,27,1
39,28,0
39,29,0
40,0,1
40,1,0
40,2,1
40,3,0
40,4,0
40,5,0
40,6,0
40,7,0
40,8,1
40,9,0
40,10,1
40,11,0
40,12,0
40,13,0
40,14,1
40,15,0
40,16,0
40,17,0
40,18,0
40,19,0
40,20,0
40,21,0
40,22,1
40,23,1
40,24,0
40,25,1
40,26,1
40,27,1
40,28,1
40,29,0
41,0,1
41,1,1
41,2,1
41,3,1
41,4,1
41,5,0
41,6,0
41,7,0
41,8,0
41,9,1
41,10,1
41,11,1
41,12,0
41,13,1
41,14,1
41,15,1
41,16,0
41,17,0
41,18,1
41,19,0
41,20,1
41,21,1
41,22,1
41,23,1
41,24,1
41,25,0
41,26,1
41,27,1
41,28,1
41,29,0
42,0,1
42,1,0
42,2,1
42,3,0
42,4,1
42,5,0
42,6,1
42,7,1
42,8,1
42,9,0
42,10,1
42,11,0
42,12,1
42,13,0
42,14,0
42,15,0
42,16,0
42,17,0
42,18,0
42,19,0
42,20,0
42,21,0
42,22,1
42,23,1
42,24,1
42,25,0
42,26,1
42,27,1
42,28,0
42,29,1
43,0,1
43,1,1
43,2,1
43,3,1
43,4,0
43,5,0
43,6,1
43,7,0
43,8,0
43,9,0
43,10,0
43,11,0
43,12,0
43,13,1
43,14,1
43,15,1
43,16,0
43,17,0
43,18,1
43,19,0
43,20,0
43,21,1
43,22,0
43,23,1
43,24,1
43,25,0
43,26,1
43,27,1
43,28,0
43,29,0
44,0,1
44,1,0
44,2,0
44,3,1
44,4,0
44,5,0
44,6,0
44,7,0
44,8,1
44,9,0
44,10,0
44,11,1
44,12,0
44,13,1
44,14,0
44,15,0
44,16,0
44,17,0
44,18,0
44,19,0
44,20,0
44,21,0
44,22,0
44,23,0
44,24,0
44,25,0
44,26,1
44,27,1
44,28,1
44,29,0
45,0,0
45,1,0
45,2,1
45,3,1
45,4,1
45,5,0
45,6,1
45,7,1
45,8,1
45,9,0
45,10,1
45,11,0
45,12,1
45,13,1
45,14,1
45,15,0
45,16,1
45,17,0
45,18,1
45,19,0
45,20,1
45,21,0
45,22,1
45,23,1
45,24,1
45,25,1
45,26,1
45,27,1
45,28,1
45,29,1
46,0,0
46,1,1
46,2,1
46,3,1
46,4,1
46,5,1
46,6,1
46,7,0
46,8,1
46,9,0
46,10,0
46,11,0
46,12,1
46,13,1
46,14,1
46,15,1
46,16,1
46,17,1
46,18,1
46,19,1
46,20,0
46,21,1
46,22,1
46,23,0
46,24,1
46,25,0
46,26,1
46,27,1
46,28,1
46,29,1
47,0,1
47,1,1
47,2,0
47,3,0
47,4,0
47,5,0
47,6,0
47,7,0
47,8,1
47,9,1
47,10,1
47,11,1
47,12,1
47,13,1
47,14,1
47,15,1
47,16,1
47,17,0
47,18,1
47,19,0
47,20,1
47,21,0
47,22,0
47,23,1
47,24,1
47,25,0
47,26,1
47,27,0
47,28,1
47,29,0
48,0,1
48,1,1
48,2,1
48,3,0
48,4,1
48,5,0
48,6,1
48,7,1
48,8,0
48,9,1
48,10,0
48,11,0
48,12,0
48,13,1
48,14,1
48,15,1
48,16,1
48,17,0
48,18,1
48,19,1
48,20,0
48,21,1
48,22,1
48,23,1
48,24,0
48,25,0
48,26,1
48,27,1
48,28,1
48,29,0
49,0,1
49,1,0
49,2,1
49,3,1
49,4,0
49,5,1
49,6,1
49,7,0
49,8,1
49,9,1
49,10,0
49,11,0
49,12,0
49,13,0
49,14,0
49,15,1
49,16,0
49,17,0
49,18,0
49,19,0
49,20,1
49,21,0
49,22,1
49,23,1
49,24,0
49,25,0
49,26,1
49,27,1
49,28,0
49,29,0
50,0,1
50,1,1
50,2,1
50,3,0
50,4,0
50,5,1
50,6,0
50,7,0
50,8,0
50,9,0
50,10,0
50,11,1
50,12,0
50,13,1
50,14,0
50,15,1
50,16,0
50,17,0
50,18,1
50,19,0
50,20,0
50,21,0
50,22,0
50,23,1
50,24,0
50,25,0
50,26,0
50,27,1
50,28,0
50,29,0
51,0,0
51,1,0
51,2,0
51,3,0
51,4,0
51,5,0
51,6,0
51,7,0
51,8,0
51,9,1
51,10,0
51,11,1
51,12,0
51,13,1
51,14,1
51,15,0
51,16,1
51,17,1
51,18,1
51,19,0
51,20,0
51,21,0
51,22,0
51,23,1
51,24,0
51,25,0
51,26,1
51,27,0
51,28,1
51,29,0
52,0,1
52,1,0
52,2,1
52,3,1
52,4,1
52,5,1
52,6,1
52,7,0
52,8,0
52,9,1
52,10,0
52,11,1
52,12,0
52,13,0
52,14,1
52,15,1
52,16,1
52,17,1
52,18,0
52,19,1
52,20,0
52,21,0
52,22,1
52,23,1
52,24,1
52,25,0
52,26,1
52,27,1
52,28,0
52,29,1
53,0,0
53,1,1
53,2,0
53,3,1
53,4,1
53,5,0
53,6,1
53,7,0
53,8,0
53,9,1
53,10,0
53,11,0
53,12,0
53,13,1
53,14,0
53,15,1
53,16,0
53,17,0
53,18,0
53,19,0
53,20,0
53,21,0
53,22,0
53,23,1
53,24,0
53,25,1
53,26,0
53,27,1
53,28,1
53,29,1
54,0,0
54,1,1
54,2,1
54,3,0
54,4,1
54,5,0
54,6,0
54,7,0
54,8,0
54,9,0
54,10,0
54,11,0
54,12,1
54,13,0
54,14,0
54,15,1
54,16,0
54,17,0
54,18,0
54,19,0
54,20,0
54,21,0
54,22,0
54,23,1
54,24,1
54,25,0
54,26,0
54,27,1
54,28,1
54,29,1
55,0,1
55,1,1
55,2,1
55,3,0
55,4,0
55,5,0
55,6,1
55,7,0
55,8,1
55,9,1
55,10,0
55,11,0
55,12,1
55,13,1
55,14,1
55,15,0
55,16,1
55,17,0
55,18,1
55,19,0
55,20,0
55,21,0
55,22,0
55,23,1
55,24,1
55,25,1
55,26,1
55,27,0
55,28,1
55,29,1
56,0,1
56,1,1
56,2,0
56,3,1
56,4,1
56,5,0
56,6,1
56,7,0
56,8,0
56,9,0
56,10,0
56,11,0
56,12,0
56,13,1
56,14,0
56,15,0
56,16,0
56,17,0
56,18,1
56,19,0
56,20,0
56,21,1
56,22,1
56,23,1
56,24,0
56,25,0
56,26,1
56,27,0
56,28,0
56,29,0
57,0,1
57,1,1
57,2,1
57,3,1
57,4,1
57,5,0
57,6,1
57,7,0
57,8,1
57,9,1
57,10,0
57,11,1
57,12,1
57,13,0
57,14,1
57,15,1
57,16,0
57,17,0
57,18,0
57,19,1
57,20,1
57,21,0
57,22,1
57,23,0
57,24,0
57,25,0
57,26,1
57,27,1
57,28,0
57,29,0
58,0,0
58,1,1
58,2,1
58,3,0
58,4,1
58,5,1
58,6,1
58,7,1
58,8,0
58,9,1
58,10,1
58,11,0
58,12,0
58,13,1
58,14,1
58,15,1
58,16,1
58,17,1
58,18,1
58,19,0
58,20,0
58,21,0
58,22,0
58,23,1
58,24,0
58,25,1
58,26,1
58,27,1
58,28,1
58,29,1
59,0,0
59,1,1
59,2,1
59,3,1
59,4,0
59,5,0
59,6,0
59,7,1
59,8,0
59,9,1
59,10,0
59,11,1
59,12,0
59,13,1
59,14,1
59,15,1
59,16,0
59,17,0
59,18,0
59,19,1
59,20,0
59,21,1
59,22,0
59,23,1
59,24,0
59,25,1
59,26,0
59,27,0
59,28,1
59,29,1
60,0,1
60,1,0
60,2,1
60,3,1
60,4,1
60,5,0
60,6,1
60,7,1
60,8,0
60,9,1
60,10,0
60,11,1
60,12,1
60,13,0
60,14,1
60,15,1
60,16,0
60,17,0
60,18,0
60,19,1
60,20,1
60,21,0
60,22,1
60,23,1
60,24,1
60,25,0
60,26,1
60,27,1
60,28,1
60,29,0
61,0,1
61,1,0
61,2,0
61,3,1
61,4,0
61,5,0
61,6,1
61,7,1
61,8,1
61,9,0
61,10,0
61,11,1
61,12,1
61,13,0
61,14,1
61,15,0
61,16,1
61,17,0
61,18,1
61,19,0
61,20,1
61,21,0
61,22,0
61,23,1
61,24,0
61,25,0
61,26,1
61,27,1
61,28,0
61,29,1
62,0,1
62,1,1
62,2,1
62,3,1
62,4,0
62,5,1
62,6,1
62,7,0
62,8,0
62,9,1
62,10,1
62,11,0
62,12,1
62,13,0
62,14,0
62,15,1
62,16,0
62,17,0
62,18,0
62,19,1
62,20,0
62,21,0
62,22,1
62,23,0
62,24,0
62,25,1
62,26,1
62,27,0
62,28,0
62,29,1
63,0,1
63,1,1
63,2,0
63,3,1
63,4,0
63,5,0
63,6,0
63,7,0
63,8,0
63,9,0
63,10,0
63,11,1
63,12,1
63,13,0
63,14,0
63,15,0
63,16,0
63,17,0
63,18,0
63,19,0
63,20,0
63,21,0
63,22,0
63,23,0
63,24,0
63,25,0
63,26,1
63,27,1
63,28,0
63,29,0
64,0,1
64,1,0
64,2,0
64,3,1
64,4,0
64,5,1
64,6,1
64,7,0
64,8,0
64,9,1
64,10,0
64,11,1
64,12,0
64,13,0
64,14,0
64,15,0
64,16,0
64,17,1
64,18,0
64,19,1
64,20,0
64,21,0
64,22,1
64,23,1
64,24,1
64,25,0
64,26,1
64,27,1
64,28,0
64,29,0
65,0,0
65,1,1
65,2,1
65,3,0
65,4,1
65,5,1
65,6,1
65,7,0
65,8,1
65,9,1
65,10,1
65,11,1
65,12,1
65,13,1
65,14,1
65,15,1
65,16,0
65,17,0
65,18,0
65,19,1
65,20,1
65,21,1
65,22,1
65,23,1
65,24,1
65,25,1
65,26,1
65,27,1
65,28,1
65,29,1
66,0,0
66,1,1
66,2,1
66,3,0
66,4,1
66,5,0
66,6,1
66,7,0
66,8,1
66,9,0
66,10,0
66,11,1
66,12,1
66,13,1
66,14,1
66,15,1
66,16,1
66,17,0
66,18,0
66,19,0
66,20,0
66,21,1
66,22,0
66,23,1
66,24,1
66,25,0
66,26,1
66,27,1
66,28,0
66,29,0
67,0,1
67,1,1
67,2,1
67,3,1
67,4,1
67,5,0
67,6,1
67,7,0
67,8,0
67,9,0
67,10,0
67,11,0
67,12,1
67,13,1
67,14,1
67,15,1
67,16,0
67,17,0
67,18,0
67,19,0
67,20,0
67,21,0
67,22,1
67,23,1
67,24,1
67,25,0
67,26,1
67,27,0
67,28,0
67,29,0
68,0,1
68,1,0
68,2,1
68,3,0
68,4,1
68,5,1
68,6,1
68,7,1
68,8,0
68,9,1
68,10,1
68,11,0
68,12,0
68,13,0
68,14,1
68,15,1
68,16,0
68,17,0
68,18,0
68,19,1
68,20,1
68,21,0
68,22,0
68,23,0
68,24,0
68,25,1
68,26,1
68,27,0
68,28,0
68,29,1
69,0,0
69,1,1
69,2,1
69,3,0
69,4,1
69,5,0
69,6,1
69,7,1
69,8,1
69,9,1
69,10,1
69,11,1
69,12,1
69,13,0
69,14,1
69,15,1
69,16,1
69,17,0
69,18,0
69,19,0
69,20,1
69,21,0
69,22,1
69,23,1
69,24,1
69,25,0
69,26,1
69,27,1
69,28,0
69,29,1
70,0,1
70,1,0
70,2,0
70,3,1
70,4,0
70,5,1
70,6,1
70,7,1
70,8,1
70,9,1
70,10,1
70,11,0
70,12,0
70,13,1
70,14,1
70,15,0
70,16,0
70,17,0
70,18,1
70,19,0
70,20,1
70,21,1
70,22,0
70,23,0
70,24,0
70,25,1
70,26,0
70,27,1
70,28,0
70,29,1
71,0,0
71,1,0
71,2,1
71,3,1
71,4,0
71,5,1
71,6,1
71,7,0
71,8,0
71,9,1
71,10,1
71,11,1
71,12,0
71,13,0
71,14,1
71,15,0
71,16,0
71,17,0
71,18,1
71,19,0
71,20,0
71,21,0
71,22,1
71,23,1
71,24,0
71,25,1
71,26,1
71,27,1
71,28,0
71,29,1
72,0,1
72,1,1
72,2,1
72,3,0
72,4,1
72,5,0
72,6,0
72,7,1
72,8,1
72,9,0
72,10,0
72,11,1
72,12,0
72,13,1
72,14,1
72,15,0
72,16,0
72,17,0
72,18,0
72,19,0
72,20,0
72,21,0
72,22,1
72,23,0
72,24,1
72,25,0
72,26,1
72,27,1
72,28,1
72,29,1
73,0,0
73,1,1
73,2,1
73,3,0
73,4,0
73,5,1
73,6,0
73,7,0
73,8,0
73,9,1
73,10,1
73,11,1
73,12,0
73,13,0
73,14,1
73,15,1
73,16,1
73,17,1
73,18,0
73,19,1
73,20,1
73,21,0
73,22,1
73,23,1
73,24,0
73,25,0
73,26,1
73,27,1
73,28,0
73,29,1
74,0,0
74,1,1
74,2,0
74,3,0
74,4,0
74,5,0
74,6,1
74,7,1
74,8,1
74,9,1
74,10,1
74,11,0
74,12,0
74,13,1
74,14,1
74,15,1
74,16,1
74,17,0
74,18,0
74,19,0
74,20,0
74,21,0
74,22,0
74,23,1
74,24,1
74,25,1
74,26,1
74,27,1
74,28,0
74,29,1
75,0,1
75,1,1
75,2,1
75,3,1
75,4,0
75,5,0
75,6,0
75,7,0
75,8,0
75,9,0
75,10,0
75,11,0
75,12,0
75,13,1
75,14,0
75,15,0
75,16,0
75,17,0
75,18,0
75,19,0
75,20,0
75,21,0
75,22,0
75,23,0
75,24,1
75,25,1
75,26,1
75,27,0
75,28,1
75,29,1
76,0,1
76,1,1
76,2,1
76,3,0
76,4,0
76,5,0
76,6,0
76,7,0
76,8,0
76,9,1
76,10,1
76,11,0
76,12,0
76,13,1
76,14,0
76,15,0
76,16,1
76,17,0
76,18,0
76,19,0
76,20,0
76,21,1
76,22,0
76,23,1
76,24,0
76,25,0
76,26,1
76,27,1
76,28,0
76,29,0
77,0,1
77,1,1
77,2,1
77,3,1
77,4,0
77,5,0
77,6,1
77,7,0
77,8,1
77,9,1
77,10,1
77,11,1
77,12,0
77,13,1
77,14,0
77,15,0
77,16,1
77,17,0
77,18,0
77,19,0
77,20,1
77,21,0
77,22,0
77,23,0
77,24,1
77,25,0
77,26,1
77,27,0
77,28,1
77,29,1
78,0,1
78,1,1
78,2,1
78,3,1
78,4,0
78,5,0
78,6,1
78,7,0
78,8,0
78,9,0
78,10,0
78,11,0
78,12,1
78,13,1
78,14,1
78,15,0
78,16,1
78,17,1
78,18,0
78,19,1
78,20,0
78,21,0
78,22,1
78,23,1
78,24,0
78,25,0
78,26,1
78,27,0
78,28,1
78,29,0
79,0,0
79,1,1
79,2,1
79,3,1
79,4,1
79,5,0
79,6,1
79,7,1
79,8,0
79,9,1
79,10,1
79,11,1
79,12,0
79,13,1
79,14,1
79,15,1
79,16,1
79,17,0
79,18,0
79,19,0
79,20,0
79,21,1
79,22,0
79,23,1
79,24,0
79,25,1
79,26,1
79,27,1
79,28,0
79,29,1
80,0,1
80,1,0
80,2,1
80,3,1
80,4,0
80,5,1
80,6,1
80,7,0
80,8,0
80,9,1
80,10,0
80,11,0
80,12,1
80,13,1
80,14,1
80,15,1
80,16,1
80,17,0
80,18,0
80,19,1
80,20,0
80,21,1
80,22,1
80,23,1
80,24,0
80,25,0
80,26,1
80,27,1
80,28,1
80,29,1
81,0,0
81,1,0
81,2,1
81,3,0
81,4,1
81,5,0
81,6,0
81,7,0
81,8,0
81,9,0
81,10,1
81,11,0
81,12,0
81,13,1
81,14,0
81,15,1
81,16,0
81,17,1
81,18,0
81,19,1
81,20,0
81,21,0
81,22,0
81,23,1
81,24,0
81,25,1
81,26,0
81,27,0
81,28,0
81,29,1
82,0,1
82,1,1
82,2,0
82,3,1
82,4,0
82,5,1
82,6,1
82,7,1
82,8,1
82,9,1
82,10,1
82,11,1
82,12,1
82,13,1
82,14,0
82,15,1
82,16,0
82,17,0
82,18,0
82,19,0
82,20,0
82,21,0
82,22,0
82,23,1
82,24,0
82,25,0
82,26,1
82,27,1
82,28,0
82,29,1
83,0,1
83,1,1
83,2,1
83,3,0
83,4,1
83,5,0
83,6,1
83,7,1
83,8,1
83,9,0
83,10,1
83,11,0
83,12,0
83,13,1
83,14,1
83,15,0
83,16,0
83,17,1
83,18,1
83,19,1
83,20,1
83,21,1
83,22,1
83,23,1
83,24,1
83,25,0
83,26,1
83,27,0
83,28,1
83,29,1
84,0,1
84,1,1
84,2,1
84,3,0
84,4,1
84,5,0
84,6,1
84,7,0
84,8,0
84,9,0
84,10,0
84,11,1
84,12,1
84,13,1
84,14,1
84,15,1
84,16,0
84,17,0
84,18,0
84,19,0
84,20,0
84,21,0
84,22,1
84,23,0
84,24,1
84,25,0
84,26,1
84,27,1
84,28,0
84,29,0
85,0,0
85,1,0
85,2,1
85,3,1
85,4,1
85,5,0
85,6,0
85,7,1
85,8,0
85,9,0
85,10,1
85,11,0
85,12,0
85,13,1
85,14,0
85,15,0
85,16,0
85,17,1
85,18,0
85,19,0
85,20,1
85,21,0
85,22,1
85,23,1
85,24,0
85,25,0
85,26,1
85,27,0
85,28,0
85,29,1
86,0,1
86,1,0
86,2,1
86,3,0
86,4,1
86,5,0
86,6,0
86,7,0
86,8,1
86,9,1
86,10,1
86,11,1
86,12,1
86,13,0
86,14,0
86,15,1
86,16,0
86,17,0
86,18,0
86,19,1
86,20,1
86,21,0
86,22,1
86,23,0
86,24,1
86,25,1
86,26,0
86,27,1
86,28,0
86,29,1
87,0,0
87,1,1
87,2,1
87,3,0
87,4,1
87,5,0
87,6,1
87,7,0
87,8,0
87,9,1
87,10,0
87,11,0
87,12,0
87,13,1
87,14,1
87,15,1
87,16,1
87,17,0
87,18,1
87,19,1
87,20,0
87,21,0
87,22,1
87,23,0
87,24,0
87,25,0
87,26,0
87,27,1
87,28,1
87,29,0
88,0,1
88,1,1
88,2,0
88,3,0
88,4,0
88,5,0
88,6,0
88,7,0
88,8,1
88,9,0
88,10,0
88,11,0
88,12,1
88,13,1
88,14,0
88,15,1
88,16,0
88,17,0
88,18,0
88,19,1
88,20,0
88,21,0
88,22,0
88,23,0
88,24,1
88,25,0
88,26,1
88,27,1
88,28,1
88,29,1
89,0,1
89,1,1
89,2,1
89,3,0
89,4,0
89,5,0
89,6,1
89,7,0
89,8,1
89,9,1
89,10,1
89,11,1
89,12,0
89,13,1
89,14,1
89,15,0
89,16,0
89,17,0
89,18,1
89,19,0
89,20,1
89,21,1
89,22,0
89,23,1
89,24,1
89,25,1
89,26,1
89,27,0
89,28,0
89,29,1
90,0,1
90,1,0
90,2,1
90,3,0
90,4,0
90,5,0
90,6,1
90,7,0
90,8,1
90,9,1
90,10,1
90,11,1
90,12,1
90,13,1
90,14,1
90,15,0
90,16,0
90,17,0
90,18,0
90,19,0
90,20,1
90,21,0
90,22,1
90,23,1
90,24,1
90,25,0
90,26,1
90,27,1
90,28,0
90,29,1
91,0,1
91,1,1
91,2,1
91,3,0
91,4,0
91,5,0
91,6,0
91,7,0
91,8,0
91,9,1
91,10,0
91,11,0
91,12,0
91,13,1
91,14,1
91,15,1
91,16,1
91,17,0
91,18,0
91,19,1
91,20,0
91,21,0
91,22,0
91,23,0
91,24,1
91,25,0
91,26,1
91,27,0
91,28,1
91,29,1
92,0,1
92,1,0
92,2,1
92,3,1
92,4,1
92,5,1
92,6,0
92,7,0
92,8,0
92,9,1
92,10,1
92,11,0
92,12,0
92,13,1
92,14,1
92,15,1
92,16,1
92,17,0
92,18,0
92,19,0
92,20,1
92,21,0
92,22,1
92,23,0
92,24,0
92,25,1
92,26,1
92,27,1
92,28,1
92,29,1
93,0,0
93,1,1
93,2,1
93,3,1
93,4,0
93,5,0
93,6,1
93,7,0
93,8,0
93,9,0
93,10,0
93,11,1
93,12,0
93,13,1
93,14,0
93,15,1
93,16,1
93,17,1
93,18,1
93,19,0
93,20,0
93,21,0
93,22,1
93,23,1
93,24,0
93,25,1
93,26,1
93,27,1
93,28,1
93,29,1
94,0,1
94,1,1
94,2,0
94,3,0
94,4,1
94,5,1
94,6,1
94,7,1
94,8,1
94,9,1
94,10,1
94,11,0
94,12,1
94,13,1
94,14,0
94,15,1
94,16,0
94,17,0
94,18,0
94,19,1
94,20,1
94,21,0
94,22,0
94,23,1
94,24,1
94,25,1
94,26,1
94,27,1
94,28,1
94,29,1
95,0,1
95,1,0
95,2,1
95,3,1
95,4,1
95,5,0
95,6,1
95,7,1
95,8,0
95,9,1
95,10,1
95,11,1
95,12,1
95,13,1
95,14,0
95,15,1
95,16,0
95,17,0
95,18,0
95,19,1
95,20,1
95,21,0
95,22,1
95,23,0
95,24,1
95,25,0
95,26,0
95,27,0
95,28,1
95,29,1
96,0,1
96,1,1
96,2,0
96,3,0
96,4,0
96,5,1
96,6,1
96,7,0
96,8,0
96,9,0
96,10,1
96,11,0
96,12,0
96,13,0
96,14,0
96,15,0
96,16,0
96,17,0
96,18,0
96,19,0
96,20,1
96,21,0
96,22,0
96,23,0
96,24,0
96,25,1
96,26,1
96,27,0
96,28,0
96,29,1
97,0,0
97,1,1
97,2,0
97,3,1
97,4,0
97,5,1
97,6,1
97,7,0
97,8,0
97,9,0
97,10,0
97,11,0
97,12,0
97,13,1
97,14,1
97,15,0
97,16,0
97,17,0
97,18,0
97,19,0
97,20,0
97,21,1
97,22,0
97,23,0
97,24,1
97,25,1
97,26,1
97,27,1
97,28,1
97,29,1
98,0,1
98,1,1
98,2,0
98,3,1
98,4,0
98,5,0
98,6,0
98,7,0
98,8,0
98,9,0
98,10,1
98,11,0
98,12,0
98,13,1
98,14,0
98,15,0
98,16,1
98,17,0
98,18,0
98,19,0
98,20,0
98,21,0
98,22,0
98,23,0
98,24,0
98,25,0
98,26,1
98,27,0
98,28,1
98,29,1
99,0,0
99,1,1
99,2,0
99,3,1
99,4,0
99,5,0
99,6,1
99,7,0
99,8,0
99,9,0
99,10,1
99,11,1
99,12,0
99,13,0
99,14,0
99,15,1
99,16,1
99,17,0
99,18,0
99,19,0
99,20,0
99,21,1
99,22,0
99,23,1
99,24,0
99,25,0
99,26,0
99,27,0
99,28,0
99,29,0
100,0,1
100,1,1
100,2,1
100,3,0
100,4,0
100,5,0
100,6,1
100,7,1
100,8,1
100,9,1
100,10,1
100,11,1
100,12,1
100,13,1
100,14,1
100,15,1
100,16,1
100,17,0
100,18,1
100,19,0
100,20,0
100,21,1
100,22,1
100,23,1
100,24,1
100,25,1
100,26,1
100,27,1
100,28,1
100,29,1
101,0,1
101,1,0
101,2,1
101,3,0
101,4,0
101,5,1
101,6,1
101,7,0
101,8,1
101,9,1
101,10,1
101,11,1
101,12,1
101,13,0
101,14,1
101,15,1
101,16,0
101,17,1
101,18,0
101,19,0
101,20,0
101,21,0
101,22,1
101,23,1
101,24,1
101,25,0
101,26,1
101,27,1
101,28,0
101,29,0
102,0,1
102,1,1
102,2,1
102,3,0
102,4,0
102,5,1
102,6,1
102,7,0
102,8,1
102,9,1
102,10,0
102,11,1
102,12,1
102,13,1
102,14,1
102,15,1
102,16,0
102,17,0
102,18,1
102,19,0
102,20,1
102,21,0
102,22,0
102,23,1
102,24,0
102,25,1
102,26,1
102,27,0
102,28,1
102,29,1
103,0,1
103,1,0
103,2,0
103,3,0
103,4,0
103,5,0
103,6,1
103,7,0
103,8,1
103,9,0
103,10,0
103,11,0
103,12,1
103,13,0
103,14,0
103,15,1
103,16,0
103,17,0
103,18,0
103,19,0
103,20,0
103,21,0
103,22,1
103,23,1
103,24,1
103,25,1
103,26,1
103,27,1
103,28,0
103,29,1
104,0,1
104,1,1
104,2,1
104,3,1
104,4,0
104,5,1
104,6,1
104,7,0
104,8,1
104,9,0
104,10,1
104,11,0
104,12,1
104,13,1
104,14,1
104,15,1
104,16,1
104,17,0
104,18,1
104,19,1
104,20,1
104,21,1
104,22,0
104,23,1
104,24,0
104,25,0
104,26,1
104,27,1
104,28,1
104,29,1
105,0,1
105,1,1
105,2,1
105,3,0
105,4,1
105,5,1
105,6,0
105,7,0
105,8,0
105,9,1
105,10,1
105,11,0
105,12,1
105,13,1
105,14,0
105,15,1
105,16,0
105,17,1
105,18,0
105,19,1
105,20,1
105,21,0
105,22,1
105,23,0
105,24,1
105,25,0
105,26,1
105,27,0
105,28,1
105,29,1
106,0,1
106,1,1
106,2,1
106,3,1
106,4,1
106,5,1
106,6,1
106,7,0
106,8,0
106,9,0
106,10,1
106,11,1
106,12,1
106,13,1
106,14,0
106,15,1
106,16,1
106,17,0
106,18,1
106,19,0
106,20,0
106,21,1
106,22,1
106,23,0
106,24,1
106,25,0
106,26,0
106,27,1
106,28,1
106,29,0
107,0,0
107,1,0
107,2,1
107,3,1
107,4,1
107,5,0
107,6,0
107,7,0
107,8,0
107,9,1
107,10,1
107,11,0
107,12,1
107,13,0
107,14,0
107,15,1
107,16,0
107,17,1
107,18,0
107,19,0
107,20,1
107,21,0
107,22,1
107,23,0
107,24,1
107,25,0
107,26,1
107,27,0
107,28,1
107,29,0
108,0,1
108,1,0
108,2,1
108,3,1
108,4,1
108,5,0
108,6,0
108,7,0
108,8,1
108,9,0
108,10,0
108,11,1
108,12,0
108,13,0
108,14,0
108,15,1
108,16,0
108,17,0
108,18,1
108,19,1
108,20,1
108,21,1
108,22,0
108,23,1
108,24,0
108,25,0
108,26,0
108,27,1
108,28,0
108,29,1
109,0,1
109,1,1
109,2,1
109,3,1
109,4,1
109,5,0
109,6,0
109,7,0
109,8,0
109,9,0
109,10,0
109,11,1
109,12,1
109,13,0
109,14,1
109,15,1
109,16,1
109,17,1
109,18,1
109,19,0
109,20,0
109,21,0
109,22,0
109,23,1
109,24,0
109,25,0
109,26,1
109,27,1
109,28,0
109,29,1
110,0,0
110,1,1
110,2,1
110,3,0
110,4,0
110,5,0
110,6,1
110,7,0
110,8,0
110,9,1
110,10,0
110,11,0
110,12,1
110,13,1
110,14,1
110,15,0
110,16,0
110,17,0
110,18,0
110,19,0
110,20,0
110,21,1
110,22,1
110,23,0
110,24,0
110,25,1
110,26,0
110,27,0
110,28,0
110,29,0
111,0,1
111,1,0
111,2,0
111,3,1
111,4,0
111,5,0
111,6,1
111,7,0
111,8,0
111,9,1
111,10,1
111,11,1
111,12,0
111,13,0
111,14,0
111,15,0
111,16,0
111,17,0
111,18,0
111,19,0
111,20,0
111,21,0
111,22,1
111,23,1
111,24,1
111,25,0
111,26,0
111,27,0
111,28,0
111,29,0
112,0,0
112,1,0
112,2,0
112,3,1
112,4,0
112,5,0
112,6,1
112,7,0
112,8,0
112,9,1
112,10,0
112,11,0
112,12,0
112,13,1
112,14,0
112,15,1
112,16,0
112,17,0
112,18,0
112,19,0
112,20,0
112,21,0
112,22,0
112,23,1
112,24,0
112,25,0
112,26,0
112,27,0
112,28,0
112,29,1
113,0,0
113,1,0
113,2,1
113,3,0
113,4,1
113,5,1
113,6,0
113,7,1
113,8,0
113,9,0
113,10,1
113,11,0
113,12,0
113,13,1
113,14,0
113,15,1
113,16,0
113,17,0
113,18,0
113,19,1
113,20,1
113,21,0
113,22,1
113,23,0
113,24,1
113,25,0
113,26,1
113,27,1
113,28,0
113,29,0
114,0,1
114,1,0
114,2,0
114,3,1
114,4,1
114,5,0
114,6,0
114,7,1
114,8,1
114,9,1
114,10,0
114,11,1
114,12,1
114,13,1
114,14,1
114,15,1
114,16,1
114,17,0
114,18,1
114,19,0
114,20,0
114,21,0
114,22,1
114,23,0
114,24,1
114,25,1
114,26,0
114,27,1
114,28,1
114,29,0
115,0,1
115,1,0
115,2,0
115,3,1
115,4,1
115,5,0
115,6,1
115,7,0
115,8,0
115,9,1
115,10,0
115,11,0
115,12,1
115,13,0
115,14,1
115,15,1
115,16,0
115,17,1
115,18,0
115,19,1
115,20,0
115,21,0
115,22,1
115,23,1
115,24,1
115,25,0
115,26,1
115,27,0
115,28,0
115,29,1
116,0,1
116,1,1
116,2,1
116,3,1
116,4,1
116,5,0
116,6,1
116,7,1
116,8,1
116,9,0
116,10,1
116,11,1
116,12,1
116,13,1
116,14,0
116,15,1
116,16,1
116,17,0
116,18,1
116,19,1
116,20,0
116,21,1
116,22,1
116,23,1
116,24,0
116,25,0
116,26,1
116,27,1
116,28,1
116,29,0
117,0,0
117,1,1
117,2,0
117,3,0
117,4,0
117,5,0
117,6,0
117,7,0
117,8,0
117,9,1
117,10,0
117,11,1
117,12,0
117,13,1
117,14,0
117,15,0
117,16,0
117,17,0
117,18,0
117,19,0
117,20,0
117,21,0
117,22,0
117,23,0
117,24,0
117,25,0
117,26,1
117,27,0
117,28,0
117,29,1
118,0,1
118,1,0
118,2,1
118,3,1
118,4,1
118,5,1
118,6,1
118,7,0
118,8,1
118,9,1
118,10,0
118,11,0
118,12,1
118,13,0
118,14,1
118,15,1
118,16,0
118,17,0
118,18,0
118,19,1
118,20,1
118,21,0
118,22,1
118,23,0
118,24,1
118,25,0
118,26,1
118,27,1
118,28,0
118,29,0
119,0,1
119,1,1
119,2,1
119,3,1
119,4,1
119,5,1
119,6,0
119,7,0
119,8,0
119,9,1
119,10,0
119,11,0
119,12,0
119,13,1
119,14,1
119,15,1
119,16,1
119,17,1
119,18,0
119,19,1
119,20,0
119,21,1
119,22,1
119,23,0
119,24,0
119,25,0
119,26,1
119,27,1
119,28,1
119,29,1
120,0,0
120,1,0
120,2,0
120,3,1
120,4,0
120,5,1
120,6,1
120,7,1
120,8,1
120,9,1
120,10,1
120,11,1
120,12,1
120,13,1
120,14,1
120,15,0
120,16,0
120,17,0
120,18,0
120,19,1
120,20,1
120,21,0
120,22,1
120,23,1
120,24,0
120,25,0
120,26,0
120,27,0
120,28,0
120,29,1
121,0,1
121,1,1
121,2,0
121,3,1
121,4,1
121,5,0
121,6,0
121,7,0
121,8,1
121,9,0
121,10,0
121,11,0
121,12,0
121,13,0
121,14,0
121,15,1
121,16,0
121,17,0
121,18,0
121,19,0
121,20,0
121,21,0
121,22,0
121,23,1
121,24,0
121,25,0
121,26,1
121,27,1
121,28,1
121,29,1
122,0,0
122,1,1
122,2,1
122,3,0
122,4,1
122,5,1
122,6,1
122,7,1
122,8,1
122,9,1
122,10,0
122,11,1
122,12,0
122,13,0
122,14,0
122,15,1
122,16,1
122,17,0
122,18,0
122,19,1
122,20,1
122,21,1
122,22,1
122,23,1
122,24,0
122,25,1
122,26,1
122,27,1
122,28,1
122,29,1
123,0,0
123,1,1
123,2,0
123,3,0
123,4,0
123,5,1
123,6,1
123,7,1
123,8,1
123,9,0
123,10,0
123,11,0
123,12,1
123,13,1
123,14,1
123,15,0
123,16,1
123,17,1
123,18,1
123,19,0
123,20,1
123,21,0
123,22,0
123,23,1
123,24,1
123,25,1
123,26,1
123,27,1
123,28,1
123,29,1
124,0,1
124,1,0
124,2,1
124,3,0
124,4,0
124,5,0
124,6,1
124,7,1
124,8,1
124,9,1
124,10,0
124,11,0
124,12,0
124,13,0
124,14,1
124,15,1
124,16,0
124,17,0
124,18,0
124,19,0
124,20,0
124,21,0
124,22,0
124,23,1
124,24,1
124,25,1
124,26,1
124,27,1
124,28,0
124,29,0
125,0,0
125,1,0
125,2,0
125,3,0
125,4,0
125,5,1
125,6,0
125,7,0
125,8,0
125,9,1
125,10,0
125,11,0
125,12,0
125,13,1
125,14,1
125,15,0
125,16,0
125,17,1
125,18,1
125,19,0
125,20,0
125,21,1
125,22,1
125,23,1
125,24,0
125,25,0
125,26,1
125,27,1
125,28,1
125,29,0
126,0,1
126,1,0
126,2,1
126,3,0
126,4,1
126,5,0
126,6,0
126,7,0
126,8,1
126,9,1
126,10,0
126,11,0
126,12,1
126,13,0
126,14,0
126,15,1
126,16,0
126,17,0
126,18,0
126,19,1
126,20,0
126,21,0
126,22,0
126,23,1
126,24,0
126,25,0
126,26,1
126,27,1
126,28,0
126,29,1
127,0,0
127,1,0
127,2,1
127,3,1
127,4,1
127,5,0
127,6,1
127,7,0
127,8,0
127,9,1
127,10,0
127,11,1
127,12,0
127,13,1
127,14,1
127,15,0
127,16,0
127,17,1
127,18,1
127,19,0
127,20,0
127,21,0
127,22,1
127,23,1
127,24,0
127,25,0
127,26,1
127,27,1
127,28,0
127,29,0
128,0,1
128,1,1
128,2,1
128,3,0
128,4,0
128,5,0
128,6,1
128,7,0
128,8,1
128,9,1
128,10,1
128,11,0
128,12,1
128,13,0
128,14,0
128,15,0
128,16,0
128,17,0
128,18,0
128,19,1
128,20,0
128,21,0
128,22,1
128,23,0
128,24,1
128,25,0
128,26,1
128,27,1
128,28,0
128,29,1
129,0,0
129,1,1
129,2,1
129,3,0
129,4,0
129,5,1
129,6,1
129,7,0
129,8,0
129,9,1
129,10,0
129,11,1
129,12,0
129,13,0
129,14,0
129,15,1
129,16,0
129,17,0
129,18,0
129,19,0
129,20,0
129,21,0
129,22,0
129,23,1
129,24,1
129,25,1
129,26,1
129,27,1
129,28,1
129,29,1
130,0,1
130,1,0
130,2,0
130,3,1
130,4,1
130,5,0
130,6,0
130,7,0
130,8,0
130,9,0
130,10,1
130,11,0
130,12,1
130,13,0
130,14,1
130,15,0
130,16,0
130,17,0
130,18,0
130,19,1
130,20,0
130,21,1
130,22,1
130,23,1
130,24,1
130,25,0
130,26,0
130,27,1
130,28,1
130,29,0
131,0,1
131,1,0
131,2,0
131,3,1
131,4,0
131,5,0
131,6,1
131,7,1
131,8,1
131,9,1
131,10,0
131,11,0
131,12,1
131,13,0
131,14,0
131,15,0
131,16,0
131,17,0
131,18,0
131,19,0
131,20,0
131,21,0
131,22,0
131,23,1
131,24,1
131,25,1
131,26,1
131,27,0
131,28,0
131,29,0
132,0,1
132,1,1
132,2,0
132,3,0
132,4,0
132,5,0
132,6,0
132,7,0
132,8,1
132,9,1
132,10,0
132,11,1
132,12,1
132,13,0
132,14,1
132,15,0
132,16,0
132,17,1
132,18,1
132,19,0
132,20,0
132,21,0
132,22,1
132,23,1
132,24,1
132,25,0
132,26,1
132,27,0
132,28,1
132,29,1
133,0,1
133,1,0
133,2,1
133,3,0
133,4,1
133,5,0
133,6,1
133,7,0
133,8,0
133,9,1
133,10,0
133,11,1
133,12,0
133,13,0
133,14,0
133,15,0
133,16,0
133,17,1
133,18,0
133,19,0
133,20,0
133,21,0
133,22,0
133,23,0
133,24,0
133,25,1
133,26,1
133,27,1
133,28,0
133,29,1
134,0,1
134,1,0
134,2,0
134,3,1
134,4,0
134,5,0
134,6,1
134,7,1
134,8,1
134,9,0
134,10,0
134,11,0
134,12,0
134,13,0
134,14,1
134,15,1
134,16,0
134,17,0
134,18,0
134,19,1
134,20,0
134,21,0
134,22,0
134,23,1
134,24,0
134,25,0
134,26,1
134,27,1
134,28,0
134,29,0
135,0,0
135,1,0
135,2,1
135,3,0
135,4,0
135,5,1
135,6,1
135,7,0
135,8,1
135,9,1
135,10,0
135,11,0
135,12,1
135,13,1
135,14,1
135,15,0
135,16,1
135,17,0
135,18,0
135,19,1
135,20,0
135,21,1
135,22,0
135,23,1
135,24,1
135,25,1
135,26,0
135,27,1
135,28,1
135,29,1
136,0,1
136,1,1
136,2,0
136,3,0
136,4,0
136,5,0
136,6,1
136,7,0
136,8,0
136,9,1
136,10,1
136,11,1
136,12,0
136,13,0
136,14,0
136,15,1
136,16,0
136,17,0
136,18,0
136,19,1
136,20,0
136,21,0
136,22,0
136,23,0
136,24,0
136,25,0
136,26,0
136,27,1
136,28,1
136,29,1
137,0,1
137,1,0
137,2,1
137,3,1
137,4,1
137,5,0
137,6,0
137,7,0
137,8,0
137,9,0
137,10,0
137,11,0
137,12,0
137,13,0
137,14,0
137,15,1
137,16,0
137,17,0
137,18,0
137,19,0
137,20,0
137,21,0
137,22,1
137,23,0
137,24,1
137,25,0
137,26,1
137,27,1
137,28,0
137,29,1
138,0,0
138,1,1
138,2,1
138,3,0
138,4,1
138,5,1
138,6,0
138,7,1
138,8,0
138,9,1
138,10,1
138,11,1
138,12,1
138,13,1
138,14,0
138,15,0
138,16,0
138,17,0
138,18,0
138,19,1
138,20,0
138,21,1
138,22,0
138,23,1
138,24,0
138,25,0
138,26,1
138,27,1
138,28,0
138,29,0
139,0,0
139,1,0
139,2,0
139,3,1
139,4,0
139,5,0
139,6,0
139,7,0
139,8,0
139,9,0
139,10,0
139,11,1
139,12,1
139,13,0
139,14,0
139,15,0
139,16,0
139,17,1
139,18,1
139,19,0
139,20,0
139,21,0
139,22,0
139,23,0
139,24,1
139,25,0
139,26,1
139,27,1
139,28,1
139,29,0
140,0,0
140,1,0
140,2,1
140,3,0
140,4,0
140,5,0
140,6,1
140,7,0
140,8,0
140,9,0
140,10,0
140,11,0
140,12,0
140,13,0
140,14,0
140,15,1
140,16,0
140,17,1
140,18,0
140,19,0
140,20,0
140,21,0
140,22,0
140,23,1
140,24,1
140,25,0
140,26,0
140,27,1
140,28,0
140,29,1
141,0,0
141,1,1
141,2,1
141,3,1
141,4,1
141,5,0
141,6,1
141,7,0
141,8,1
141,9,1
141,10,0
141,11,1
141,12,0
141,13,1
141,14,1
141,15,0
141,16,1
141,17,0
141,18,0
141,19,1
141,20,1
141,21,1
141,22,1
141,23,0
141,24,1
141,25,0
141,26,1
141,27,1
141,28,1
141,29,1
142,0,0
142,1,0
142,2,1
142,3,0
142,4,0
142,5,0
142,6,1
142,7,1
142,8,1
142,9,1
142,10,1
142,11,1
142,12,0
142,13,0
142,14,1
142,15,1
142,16,0
142,17,0
142,18,0
142,19,1
142,20,0
142,21,0
142,22,1
142,23,1
142,24,1
142,25,0
142,26,1
142,27,1
142,28,1
142,29,1
143,0,1
143,1,1
143,2,1
143,3,0
143,4,0
143,5,1
143,6,0
143,7,0
143,8,0
143,9,1
143,10,0
143,11,0
143,12,0
143,13,1
143,14,1
143,15,0
143,16,1
143,17,0
143,18,1
143,19,1
143,20,0
143,21,1
143,22,1
143,23,1
143,24,1
143,25,0
143,26,1
143,27,1
143,28,1
143,29,0
144,0,1
144,1,1
144,2,1
144,3,1
144,4,1
144,5,1
144,6,1
144,7,0
144,8,1
144,9,1
144,10,1
144,11,1
144,12,1
144,13,1
144,14,1
144,15,1
144,16,1
144,17,0
144,18,1
144,19,1
144,20,1
144,21,1
144,22,1
144,23,0
144,24,1
144,25,0
144,26,1
144,27,1
144,28,0
144,29,1
145,0,0
145,1,1
145,2,1
145,3,0
145,4,1
145,5,0
145,6,1
145,7,0
145,8,1
145,9,0
145,10,0
145,11,1
145,12,1
145,13,1
145,14,1
145,15,1
145,16,0
145,17,0
145,18,1
145,19,0
145,20,0
145,21,0
145,22,0
145,23,1
145,24,1
145,25,0
145,26,1
145,27,1
145,28,1
145,29,0
146,0,1
146,1,1
146,2,0
146,3,0
146,4,0
146,5,1
146,6,1
146,7,0
146,8,0
146,9,1
146,10,1
146,11,1
146,12,1
146,13,1
146,14,0
146,15,1
146,16,0
146,17,0
146,18,0
146,19,1
146,20,0
146,21,0
146,22,1
146,23,1
146,24,1
146,25,0
146,26,0
146,27,1
146,28,1
146,29,1
147,0,1
147,1,1
147,2,0
147,3,1
147,4,1
147,5,0
147,6,0
147,7,0
147,8,1
147,9,0
147,10,0
147,11,1
147,12,1
147,13,0
147,14,0
147,15,1
147,16,1
147,17,0
147,18,0
147,19,1
147,20,0
147,21,0
147,22,0
147,23,1
147,24,1
147,25,0
147,26,1
147,27,1
147,28,1
147,29,1
148,0,1
148,1,1
148,2,1
148,3,0
148,4,1
148,5,0
148,6,1
148,7,1
148,8,1
148,9,0
148,10,1
148,11,1
148,12,1
148,13,1
148,14,1
148,15,1
148,16,1
148,17,0
148,18,1
148,19,0
148,20,0
148,21,1
148,22,1
148,23,1
148,24,1
148,25,1
148,26,1
148,27,1
148,28,1
148,29,1
149,0,0
149,1,1
149,2,1
149,3,1
149,4,0
149,5,1
149,6,1
149,7,0
149,8,0
149,9,1
149,10,1
149,11,0
149,12,0
149,13,1
149,14,0
149,15,1
149,16,0
149,17,0
149,18,0
149,19,1
149,20,1
149,21,0
149,22,0
149,23,1
149,24,0
149,25,0
149,26,0
149,27,1
149,28,0
149,29,1
150,0,1
150,1,1
150,2,0
150,3,1
150,4,1
150,5,1
150,6,0
150,7,0
150,8,0
150,9,1
150,10,0
150,11,0
150,12,1
150,13,1
150,14,1
150,15,1
150,16,1
150,17,0
150,18,1
150,19,0
150,20,0
150,21,0
150,22,1
150,23,0
150,24,1
150,25,0
150,26,1
150,27,0
150,28,1
150,29,0
151,0,1
151,1,1
151,2,1
151,3,1
151,4,0
151,5,0
151,6,0
151,7,0
151,8,0
151,9,1
151,10,0
151,11,0
151,12,0
151,13,1
151,14,0
151,15,0
151,16,0
151,17,0
151,18,0
151,19,0
151,20,0
151,21,0
151,22,0
151,23,1
151,24,0
151,25,1
151,26,0
151,27,1
151,28,0
151,29,1
152,0,1
152,1,0
152,2,1
152,3,1
152,4,0
152,5,1
152,6,1
152,7,0
152,8,0
152,9,1
152,10,0
152,11,0
152,12,1
152,13,0
152,14,0
152,15,1
152,16,0
152,17,0
152,18,0
152,19,1
152,20,1
152,21,0
152,22,0
152,23,0
152,24,1
152,25,0
152,26,0
152,27,0
152,28,1
152,29,1
153,0,1
153,1,0
153,2,1
153,3,0
153,4,0
153,5,1
153,6,1
153,7,0
153,8,1
153,9,1
153,10,0
153,11,0
153,12,1
153,13,0
153,14,0
153,15,1
153,16,0
153,17,0
153,18,1
153,19,1
153,20,0
153,21,0
153,22,1
153,23,1
153,24,1
153,25,0
153,26,1
153,27,1
153,28,1
153,29,0
154,0,1
154,1,1
154,2,1
154,3,1
154,4,0
154,5,0
154,6,1
154,7,0
154,8,0
154,9,1
154,10,1
154,11,0
154,12,0
154,13,0
154,14,1
154,15,1
154,16,0
154,17,0
154,18,0
154,19,0
154,20,0
154,21,0
154,22,0
154,23,1
154,24,0
154,25,0
154,26,1
154,27,1
154,28,1
154,29,0
155,0,0
155,1,0
155,2,0
155,3,1
155,4,0
155,5,0
155,6,1
155,7,0
155,8,0
155,9,1
155,10,1
155,11,0
155,12,1
155,13,0
155,14,0
155,15,1
155,16,0
155,17,0
155,18,1
155,19,0
155,20,1
155,21,0
155,22,0
155,23,1
155,24,0
155,25,0
155,26,1
155,27,1
155,28,1
155,29,1
156,0,1
156,1,1
156,2,0
156,3,0
156,4,0
156,5,0
156,6,1
156,7,0
156,8,1
156,9,1
156,10,0
156,11,1
156,12,1
156,13,1
156,14,1
156,15,0
156,16,0
156,17,0
156,18,0
156,19,0
156,20,0
156,21,0
156,22,0
156,23,0
156,24,0
156,25,0
156,26,1
156,27,1
156,28,0
156,29,0
157,0,0
157,1,1
157,2,1
157,3,0
157,4,1
157,5,0
157,6,1
157,7,0
157,8,0
157,9,1
157,10,1
157,11,1
157,12,1
157,13,1
157,14,1
157,15,1
157,16,0
157,17,0
157,18,0
157,19,0
157,20,1
157,21,1
157,22,1
157,23,1
157,24,1
157,25,0
157,26,1
157,27,1
157,28,1
157,29,0
158,0,1
158,1,1
158,2,1
158,3,0
158,4,1
158,5,1
158,6,0
158,7,0
158,8,0
158,9,0
158,10,1
158,11,1
158,12,0
158,13,0
158,14,1
158,15,0
158,16,0
158,17,0
158,18,0
158,19,0
158,20,0
158,21,0
158,22,0
158,23,0
158,24,1
158,25,0
158,26,1
158,27,0
158,28,0
158,29,0
159,0,0
159,1,0
159,2,1
159,3,0
159,4,1
159,5,0
159,6,1
159,7,0
159,8,1
159,9,0
159,10,1
159,11,0
159,12,1
159,13,0
159,14,1
159,15,1
159,16,0
159,17,0
159,18,1
159,19,1
159,20,0
159,21,1
159,22,1
159,23,1
159,24,1
159,25,1
159,26,1
159,27,1
159,28,1
159,29,1
160,0,0
160,1,1
160,2,0
160,3,1
160,4,0
160,5,1
160,6,0
160,7,0
160,8,0
160,9,0
160,10,1
160,11,0
160,12,1
160,13,0
160,14,0
160,15,0
160,16,0
160,17,0
160,18,0
160,19,1
160,20,0
160,21,0
160,22,1
160,23,1
160,24,0
160,25,0
160,26,1
160,27,0
160,28,0
160,29,0
161,0,1
161,1,1
161,2,0
161,3,0
161,4,0
161,5,0
161,6,1
161,7,0
161,8,1
161,9,1
161,10,0
161,11,0
161,12,0
161,13,1
161,14,0
161,15,0
161,16,0
161,17,0
161,18,0
161,19,0
161,20,0
161,21,0
161,22,1
161,23,1
161,24,1
161,25,0
161,26,1
161,27,1
161,28,0
161,29,0
162,0,0
162,1,1
162,2,1
162,3,0
162,4,0
162,5,0
162,6,0
162,7,1
162,8,1
162,9,0
162,10,0
162,11,1
162,12,0
162,13,0
162,14,0
162,15,0
162,16,1
162,17,1
162,18,0
162,19,0
162,20,1
162,21,0
162,22,1
162,23,1
162,24,0
162,25,0
162,26,1
162,27,0
162,28,0
162,29,1
163,0,1
163,1,0
163,2,1
163,3,1
163,4,0
163,5,1
163,6,1
163,7,1
163,8,0
163,9,1
163,10,0
163,11,1
163,12,0
163,13,1
163,14,1
163,15,1
163,16,0
163,17,0
163,18,1
163,19,1
163,20,0
163,21,1
163,22,0
163,23,1
163,24,1
163,25,1
163,26,1
163,27,1
163,28,1
163,29,1
164,0,0
164,1,1
164,2,0
164,3,0
164,4,0
164,5,0
164,6,0
164,7,0
164,8,0
164,9,1
164,10,1
164,11,0
164,12,1
164,13,1
164,14,1
164,15,0
164,16,0
164,17,1
164,18,0
164,19,0
164,20,1
164,21,0
164,22,1
164,23,0
164,24,0
164,25,1
164,26,1
164,27,0
164,28,0
164,29,1
165,0,1
165,1,1
165,2,0
165,3,1
165,4,0
165,5,0
165,6,1
165,7,0
165,8,0
165,9,0
165,10,0
165,11,0
165,12,0
165,13,0
165,14,0
165,15,1
165,16,0
165,17,0
165,18,0
165,19,0
165,20,0
165,21,1
165,22,0
165,23,1
165,24,0
165,25,0
165,26,0
165,27,1
165,28,0
165,29,0
166,0,1
166,1,1
166,2,1
166,3,0
166,4,1
166,5,0
166,6,1
166,7,1
166,8,1
166,9,0
166,10,1
166,11,0
166,12,1
166,13,0
166,14,0
166,15,0
166,16,0
166,17,1
166,18,0
166,19,0
166,20,0
166,21,0
166,22,1
166,23,1
166,24,1
166,25,1
166,26,1
166,27,1
166,28,1
166,29,1
167,0,0
167,1,0
167,2,0
167,3,0
167,4,0
167,5,0
167,6,0
167,7,1
167,8,0
167,9,0
167,10,0
167,11,0
167,12,1
167,13,0
167,14,1
167,15,1
167,16,0
167,17,0
167,18,0
167,19,0
167,20,0
167,21,0
167,22,0
167,23,0
167,24,0
167,25,1
167,26,1
167,27,0
167,28,0
167,29,0
168,0,0
168,1,1
168,2,1
168,3,0
168,4,0
168,5,0
168,6,1
168,7,0
168,8,0
168,9,0
168,10,0
168,11,1
168,12,0
168,13,1
168,14,0
168,15,0
168,16,0
168,17,1
168,18,0
168,19,0
168,20,0
168,21,0
168,22,1
168,23,1
168,24,0
168,25,0
168,26,1
168,27,1
168,28,0
168,29,1
169,0,1
169,1,1
169,2,1
169,3,1
169,4,0
169,5,0
169,6,0
169,7,0
169,8,0
169,9,0
169,10,0
169,11,1
169,12,0
169,13,0
169,14,0
169,15,0
169,16,0
169,17,0
169,18,0
169,19,0
169,20,0
169,21,0
169,22,0
169,23,0
169,24,1
169,25,1
169,26,1
169,27,1
169,28,0
169,29,0
170,0,0
170,1,1
170,2,0
170,3,0
170,4,1
170,5,0
170,6,1
170,7,0
170,8,0
170,9,1
170,10,0
170,11,1
170,12,0
170,13,1
170,14,0
170,15,0
170,16,1
170,17,0
170,18,1
170,19,0
170,20,0
170,21,1
170,22,0
170,23,1
170,24,0
170,25,0
170,26,1
170,27,0
170,28,0
170,29,0
171,0,1
171,1,1
171,2,1
171,3,1
171,4,1
171,5,0
171,6,0
171,7,0
171,8,0
171,9,0
171,10,1
171,11,0
171,12,1
171,13,1
171,14,0
171,15,0
171,16,0
171,17,0
171,18,0
171,19,1
171,20,0
171,21,0
171,22,1
171,23,0
171,24,0
171,25,0
171,26,1
171,27,1
171,28,1
171,29,0
172,0,1
172,1,1
172,2,1
172,3,0
172,4,1
172,5,0
172,6,1
172,7,0
172,8,1
172,9,0
172,10,1
172,11,0
172,12,1
172,13,1
172,14,1
172,15,0
172,16,1
172,17,1
172,18,1
172,19,0
172,20,0
172,21,1
172,22,1
172,23,1
172,24,0
172,25,0
172,26,1
172,27,1
172,28,1
172,29,1
173,0,1
173,1,0
173,2,1
173,3,1
173,4,1
173,5,0
173,6,1
173,7,0
173,8,1
173,9,0
173,10,0
173,11,1
173,12,0
173,13,0
173,14,1
173,15,1
173,16,1
173,17,0
173,18,1
173,19,0
173,20,0
173,21,1
173,22,0
173,23,1
173,24,0
173,25,0
173,26,0
173,27,1
173,28,1
173,29,1
174,0,0
174,1,1
174,2,1
174,3,1
174,4,1
174,5,0
174,6,0
174,7,0
174,8,1
174,9,1
174,10,1
174,11,1
174,12,0
174,13,1
174,14,1
174,15,1
174,16,1
174,17,0
174,18,1
174,19,0
174,20,0
174,21,0
174,22,1
174,23,1
174,24,1
174,25,0
174,26,1
174,27,0
174,28,0
174,29,0
175,0,0
175,1,1
175,2,0
175,3,1
175,4,0
175,5,0
175,6,1
175,7,0
175,8,1
175,9,1
175,10,0
175,11,1
175,12,0
175,13,1
175,14,0
175,15,0
175,16,1
175,17,0
175,18,1
175,19,0
175,20,0
175,21,0
175,22,0
175,23,1
175,24,0
175,25,0
175,26,1
175,27,0
175,28,0
175,29,0
176,0,0
176,1,1
176,2,0
176,3,0
176,4,0
176,5,0
176,6,0
176,7,0
176,8,0
176,9,1
176,10,0
176,11,0
176,12,1
176,13,0
176,14,1
176,15,0
176,16,0
176,17,0
176,18,0
176,19,0
176,20,0
176,21,0
176,22,1
176,23,0
176,24,1
176,25,0
176,26,1
176,27,1
176,28,1
176,29,0
177,0,1
177,1,1
177,2,1
177,3,0
177,4,0
177,5,1
177,6,1
177,7,0
177,8,1
177,9,1
177,10,0
177,11,1
177,12,1
177,13,0
177,14,1
177,15,1
177,16,0
177,17,0
177,18,0
177,19,0
177,20,1
177,21,0
177,22,1
177,23,1
177,24,1
177,25,0
177,26,0
177,27,0
177,28,1
177,29,1
178,0,1
178,1,1
178,2,1
178,3,0
178,4,1
178,5,0
178,6,1
178,7,0
178,8,1
178,9,0
178,10,0
178,11,0
178,12,1
178,13,0
178,14,0
178,15,0
178,16,1
178,17,1
178,18,0
178,19,0
178,20,0
178,21,0
178,22,1
178,23,1
178,24,1
178,25,1
178,26,1
178,27,0
178,28,0
178,29,1
179,0,0
179,1,1
179,2,1
179,3,0
179,4,0
179,5,0
179,6,1
179,7,1
179,8,0
179,9,0
179,10,0
179,11,0
179,12,0
179,13,0
179,14,1
179,15,1
179,16,1
179,17,0
179,18,0
179,19,1
179,20,0
179,21,0
179,22,1
179,23,1
179,24,1
179,25,0
179,26,1
179,27,1
179,28,0
179,29,1
180,0,1
180,1,0
180,2,1
180,3,0
180,4,0
180,5,0
180,6,0
180,7,0
180,8,1
180,9,1
180,10,1
180,11,1
180,12,1
180,13,0
180,14,1
180,15,0
180,16,1
180,17,1
180,18,0
180,19,0
180,20,0
180,21,0
180,22,1
180,23,0
180,24,1
180,25,1
180,26,1
180,27,0
180,28,1
180,29,1
181,0,1
181,1,0
181,2,0
181,3,0
181,4,0
181,5,1
181,6,1
181,7,1
181,8,0
181,9,0
181,10,0
181,11,1
181,12,1
181,13,1
181,14,0
181,15,1
181,16,0
181,17,0
181,18,0
181,19,0
181,20,0
181,21,0
181,22,0
181,23,1
181,24,0
181,25,0
181,26,1
181,27,1
181,28,1
181,29,0
182,0,0
182,1,1
182,2,0
182,3,1
182,4,1
182,5,0
182,6,0
182,7,1
182,8,1
182,9,0
182,10,0
182,11,0
182,12,1
182,13,1
182,14,1
182,15,1
182,16,1
182,17,1
182,18,0
182,19,1
182,20,0
182,21,0
182,22,0
182,23,1
182,24,0
182,25,0
182,26,1
182,27,1
182,28,1
182,29,1
183,0,1
183,1,1
183,2,1
183,3,0
183,4,0
183,5,0
183,6,1
183,7,0
183,8,0
183,9,0
183,10,1
183,11,1
183,12,0
183,13,0
183,14,0
183,15,0
183,16,0
183,17,0
183,18,0
183,19,0
183,20,0
183,21,0
183,22,0
183,23,1
183,24,0
183,25,0
183,26,0
183,27,1
183,28,1
183,29,0
184,0,0
184,1,1
184,2,0
184,3,1
184,4,0
184,5,0
184,6,0
184,7,0
184,8,1
184,9,1
184,10,0
184,11,0
184,12,0
184,13,1
184,14,1
184,15,0
184,16,1
184,17,0
184,18,0
184,19,0
184,20,0
184,21,0
184,22,1
184,23,0
184,24,1
184,25,0
184,26,1
184,27,1
184,28,1
184,29,1
185,0,0
185,1,1
185,2,1
185,3,0
185,4,0
185,5,0
185,6,1
185,7,1
185,8,1
185,9,1
185,10,0
185,11,0
185,12,0
185,13,1
185,14,1
185,15,0
185,16,1
185,17,1
185,18,0
185,19,0
185,20,0
185,21,0
185,22,0
185,23,1
185,24,1
185,25,1
185,26,1
185,27,1
185,28,0
185,29,1
186,0,1
186,1,0
186,2,1
186,3,0
186,4,0
186,5,1
186,6,0
186,7,0
186,8,1
186,9,1
186,10,0
186,11,1
186,12,0
186,13,0
186,14,0
186,15,0
186,16,0
186,17,0
186,18,0
186,19,0
186,20,1
186,21,0
186,22,1
186,23,1
186,24,1
186,25,1
186,26,1
186,27,1
186,28,1
186,29,1
187,0,1
187,1,1
187,2,1
187,3,0
187,4,0
187,5,0
187,6,1
187,7,1
187,8,0
187,9,1
187,10,0
187,11,0
187,12,0
187,13,1
187,14,0
187,15,1
187,16,0
187,17,0
187,18,1
187,19,0
187,20,1
187,21,1
187,22,0
187,23,1
187,24,0
187,25,1
187,26,1
187,27,1
187,28,1
187,29,1
188,0,1
188,1,1
188,2,1
188,3,1
188,4,0
188,5,0
188,6,0
188,7,0
188,8,1
188,9,0
188,10,0
188,11,0
188,12,1
188,13,1
188,14,0
188,15,1
188,16,0
188,17,0
188,18,0
188,19,0
188,20,0
188,21,1
188,22,0
188,23,0
188,24,1
188,25,0
188,26,0
188,27,0
188,28,1
188,29,0
189,0,0
189,1,0
189,2,1
189,3,0
189,4,1
189,5,0
189,6,1
189,7,1
189,8,0
189,9,1
189,10,0
189,11,1
189,12,0
189,13,0
189,14,1
189,15,0
189,16,1
189,17,1
189,18,0
189,19,0
189,20,0
189,21,0
189,22,1
189,23,1
189,24,1
189,25,0
189,26,0
189,27,0
189,28,0
189,29,1
190,0,1
190,1,1
190,2,1
190,3,1
190,4,0
190,5,0
190,6,1
190,7,0
190,8,1
190,9,1
190,10,0
190,11,1
190,12,1
190,13,1
190,14,0
190,15,1
190,16,1
190,17,0
190,18,0
190,19,0
190,20,1
190,21,0
190,22,1
190,23,1
190,24,1
190,25,0
190,26,1
190,27,1
190,28,1
190,29,1
191,0,1
191,1,1
191,2,1
191,3,0
191,4,0
191,5,1
191,6,0
191,7,1
191,8,1
191,9,0
191,10,0
191,11,1
191,12,0
191,13,1
191,14,0
191,15,0
191,16,1
191,17,1
191,18,0
191,19,0
191,20,0
191,21,1
191,22,1
191,23,1
191,24,0
191,25,0
191,26,1
191,27,1
191,28,0
191,29,0
192,0,1
192,1,1
192,2,0
192,3,0
192,4,1
192,5,1
192,6,0
192,7,0
192,8,1
192,9,1
192,10,1
192,11,0
192,12,1
192,13,0
192,14,1
192,15,1
192,16,1
192,17,1
192,18,1
192,19,1
192,20,1
192,21,1
192,22,1
192,23,1
192,24,1
192,25,0
192,26,1
192,27,0
192,28,1
192,29,0
193,0,1
193,1,1
193,2,0
193,3,0
193,4,0
193,5,0
193,6,0
193,7,0
193,8,1
193,9,1
193,10,0
193,11,0
193,12,1
193,13,0
193,14,0
193,15,1
193,16,0
193,17,0
193,18,1
193,19,1
193,20,0
193,21,0
193,22,0
193,23,1
193,24,1
193,25,0
193,26,1
193,27,1
193,28,0
193,29,0
194,0,0
194,1,0
194,2,1
194,3,1
194,4,1
194,5,0
194,6,0
194,7,0
194,8,0
194,9,0
194,10,0
194,11,0
194,12,1
194,13,0
194,14,1
194,15,1
194,16,0
194,17,0
194,18,0
194,19,1
194,20,0
194,21,0
194,22,0
194,23,1
194,24,1
194,25,0
194,26,1
194,27,0
194,28,1
194,29,0
195,0,0
195,1,0
195,2,1
195,3,0
195,4,0
195,5,0
195,6,0
195,7,1
195,8,1
195,9,0
195,10,0
195,11,0
195,12,0
195,13,1
195,14,0
195,15,0
195,16,1
195,17,0
195,18,1
195,19,0
195,20,0
195,21,0
195,22,0
195,23,1
195,24,0
195,25,0
195,26,1
195,27,1
195,28,0
195,29,0
196,0,0
196,1,0
196,2,1
196,3,0
196,4,0
196,5,0
196,6,0
196,7,1
196,8,0
196,9,1
196,10,0
196,11,0
196,12,0
196,13,0
196,14,0
196,15,1
196,16,0
196,17,0
196,18,0
196,19,1
196,20,0
196,21,0
196,22,1
196,23,0
196,24,0
196,25,0
196,26,1
196,27,0
196,28,0
196,29,0
197,0,1
197,1,1
197,2,1
197,3,0
197,4,1
197,5,0
197,6,1
197,7,0
197,8,0
197,9,1
197,10,0
197,11,1
197,12,1
197,13,1
197,14,1
197,15,1
197,16,0
197,17,0
197,18,1
197,19,1
197,20,1
197,21,0
197,22,1
197,23,1
197,24,1
197,25,0
197,26,0
197,27,0
197,28,1
197,29,0
198,0,1
198,1,0
198,2,1
198,3,0
198,4,0
198,5,0
198,6,1
198,7,0
198,8,0
198,9,0
198,10,0
198,11,1
198,12,1
198,13,1
198,14,1
198,15,1
198,16,0
198,17,0
198,18,1
198,19,0
198,20,0
198,21,0
198,22,0
198,23,1
198,24,0
198,25,0
198,26,1
198,27,1
198,28,0
198,29,0
199,0,0
199,1,1
199,2,1
199,3,1
199,4,0
199,5,0
199,6,0
199,7,1
199,8,0
199,9,1
199,10,1
199,11,0
199,12,1
199,13,1
199,14,1
199,15,1
199,16,1
199,17,1
199,18,1
199,19,1
199,20,1
199,21,1
199,22,1
199,23,1
199,24,0
199,25,0
199,26,1
199,27,0
199,28,1
199,29,1
